origin,destination,naive,gcd,inequity
1,2,22,11,"[2.0001719008264427, 1.7144330578512372, 0.7143471074380155, 2.1430413223140463, 1.2858247933884277, 1.2858247933884275, 2.1430413223140468, 0.7143471074380152, 1.7144330578512372, 2.000171900826443, 0.7857818181818168, 2.000171900826443, 1.7144330578512368, 0.7143471074380154, 2.1430413223140468, 1.2858247933884281, 1.2858247933884277, 2.143041322314047, 0.7143471074380154, 1.7144330578512368, 2.0001719008264436, 1.8175355256292112e-27]"
1,3,0,0,
1,4,0,0,
1,5,0,0,
1,6,0,0,
1,7,0,0,
1,8,0,0,
1,9,0,0,
1,10,0,0,
1,11,0,0,
1,12,0,0,
1,13,0,0,
1,14,0,0,
1,15,0,0,
1,16,0,0,
1,17,0,0,
1,18,0,0,
1,19,0,0,
1,20,10,5,"[2.0744639999999968, 1.382975999999998, 1.3829759999999978, 2.0744639999999963, 1.7287199999999974, 2.0744639999999968, 1.382975999999998, 1.382975999999998, 2.0744639999999968, 8.077935669463161e-28]"
1,21,0,0,
1,22,0,0,
1,23,0,0,
1,24,0,0,
1,25,0,0,
1,26,0,0,
2,1,22,22,"[1.2495867768595026, 1.3328925619834697, 0.24991735537190055, 1.1424793388429733, 1.3923966942148742, 0.4760330578512391, 1.011570247933883, 1.4280991735537174, 0.6783471074380157, 0.8568595041322301, 1.439999999999998, 0.8568595041322304, 0.6783471074380159, 1.4280991735537176, 1.0115702479338833, 0.4760330578512393, 1.3923966942148744, 1.1424793388429737, 0.24991735537190046, 1.3328925619834697, 1.2495867768595026, 1.63578197306629e-26]"
2,3,41,41,"[40.09625246876858, 45.30985865556216, 14.6353746579417, 38.103624866151094, 44.21224342653181, 16.561035217132655, 33.28560999405116, 45.55121165972634, 24.056986555621652, 27.404641998810227, 45.82722676977989, 30.489984770969656, 20.46072088042831, 45.04028875669243, 35.86002986317668, 12.45384663890541, 43.190397620464, 40.16712183224271, 10.017263176680546, 43.77708994646043, 43.77708994646043, 10.017263176680546, 40.16712183224271, 43.19039762046401, 12.45384663890541, 35.86002986317668, 45.04028875669244, 20.460720880428315, 30.489984770969656, 45.82722676977988, 27.40464199881023, 24.05698655562165, 45.55121165972634, 33.28560999405115, 16.561035217132655, 44.21224342653182, 38.10362486615109, 14.6353746579417, 45.30985865556215, 40.09625246876859, 3.155443620884047e-28]"
2,4,86,86,"[1.2406273661438523, 1.3457652785289254, 0.31541373715521687, 1.0965494862087537, 1.4119632233639707, 0.5918875067604067, 0.9135316387236276, 1.4392212006489893, 0.82942130881557, 0.6915738236884752, 1.4275392103839812, 1.0280151433207063, 0.43067604110329627, 1.3769172525689464, 1.187669010275816, 0.13083829096809, 1.287355327203885, 1.3083829096808997, 0.19392103839913336, 1.158853434288797, 1.3901568415359553, 0.48597079502433416, 0.9914115738236816, 1.4329908058409848, 0.7390805840995077, 0.7850297458085391, 1.4368848025959873, 0.9532504056246549, 0.5397079502433708, 1.4018388318009634, 1.1284802595997756, 0.25544618712817563, 1.3278528934559133, 1.2647701460248697, 0.06619794483504549, 1.2149269875608353, 1.362120064899936, 0.373823688480257, 1.063061114115731, 1.4205300162249759, 0.6425094645754417, 0.8722552731205995, 1.4399999999999897, 0.8722552731205994, 0.6425094645754419, 1.4205300162249757, 1.063061114115731, 0.3738236884802568, 1.3621200648999363, 1.2149269875608353, 0.06619794483504554, 1.2647701460248693, 1.3278528934559122, 0.25544618712817563, 1.1284802595997758, 1.4018388318009636, 0.539707950243371, 0.9532504056246556, 1.4368848025959877, 0.7850297458085396, 0.7390805840995079, 1.4329908058409848, 0.9914115738236811, 0.48597079502433393, 1.390156841535956, 1.1588534342887968, 0.19392103839913344, 1.308382909680899, 1.2873553272038847, 0.1308382909680899, 1.1876690102758167, 1.3769172525689466, 0.430676041103296, 1.0280151433207065, 1.4275392103839808, 0.6915738236884752, 0.82942130881557, 1.439221200648989, 0.9135316387236279, 0.5918875067604069, 1.4119632233639705, 1.0965494862087535, 0.31541373715521687, 1.345765278528925, 1.2406273661438532, 2.269092129552202e-24]"
2,5,0,0,
2,6,38,38,"[39.7440405124654, 45.35415678670364, 15.745527770083116, 37.51864819944603, 44.064254916897546, 17.68740055401663, 32.15426932132967, 45.31275595567871, 25.548781509695313, 25.55247756232689, 45.32384411357344, 32.17274958448756, 17.713272922437685, 44.09751939058176, 37.55930477839339, 8.63665540166206, 41.633781786703636, 41.708447091412786, 16.01757236842107, 41.708447091412786, 41.63378178670363, 8.636655401662061, 37.55930477839339, 44.09751939058176, 17.713272922437685, 32.17274958448755, 45.323844113573436, 25.552477562326892, 25.548781509695313, 45.31275595567868, 32.15426932132967, 17.68740055401663, 44.06425491689755, 37.51864819944601, 15.745527770083116, 45.35415678670365, 39.744040512465396, 5.460684512557097e-25]"
2,7,0,0,
2,8,0,0,
2,9,0,0,
2,10,0,0,
2,11,0,0,
2,12,0,0,
2,13,18,3,"[1.2800000000000002, 1.2800000000000002, 1.262177448353619e-29, 1.2800000000000002, 1.2800000000000005, 5.048709793414476e-29, 1.2800000000000002, 1.2800000000000002, 1.135959703518257e-28, 1.2800000000000005, 1.2800000000000002, 2.0194839173657902e-28, 1.2800000000000005, 1.2800000000000002, 3.155443620884047e-28, 1.2800000000000002, 1.2800000000000002, 4.543838814073028e-28]"
2,14,47,47,"[1.251607062019004, 1.329832503395192, 0.23467632412856326, 1.1525215029424998, 1.3871978270710634, 0.4484925305568098, 1.032575826165679, 1.4237030330466172, 0.6414486192847395, 0.8917700316885403, 1.4393481213218549, 0.8135445903123527, 0.7301041195110859, 1.4341330918967758, 0.9647804436396492, 0.5475780896333142, 1.4080579447713792, 1.0951561792666287, 0.3441919420552263, 1.3611226799456673, 1.2046717971932914, 0.11994567677682115, 1.2933272974196375, 1.293327297419638, 0.11994567677682129, 1.2046717971932919, 1.361122679945667, 0.34419194205522613, 1.0951561792666284, 1.40805794477138, 0.5475780896333142, 0.9647804436396498, 1.4341330918967758, 0.7301041195110859, 0.8135445903123526, 1.4393481213218546, 0.8917700316885399, 0.6414486192847398, 1.4237030330466176, 1.0325758261656786, 0.44849253055680993, 1.387197827071063, 1.1525215029425, 0.23467632412856337, 1.3298325033951917, 1.2516070620190038, 8.077935669463161e-26]"
2,15,0,0,
2,16,33,33,"[41.1014271808999, 45.70294508723599, 12.555365840220382, 38.736265197428835, 39.30276437098255, 14.254863360881538, 40.29413792470155, 40.719012304866844, 15.52948650137741, 41.42713627180899, 41.710385858585845, 16.379235261707986, 42.13526023875114, 42.276885032139575, 16.80410964187328, 42.418509825528, 42.418509825528005, 16.804109641873275, 42.27688503213957, 42.13526023875114, 16.379235261707986, 41.71038585858585, 41.42713627180899, 15.52948650137741, 40.71901230486685, 40.29413792470156, 14.25486336088154, 39.30276437098255, 38.73626519742882, 12.555365840220382, 45.70294508723599, 41.101427180899904, 1.374511241257091e-26]"
2,17,40,40,"[40.585809749999996, 44.39120899999999, 10.38561775, 40.86175599999999, 42.507448749999995, 8.523620999999993, 39.021522749999974, 43.90102899999997, 13.151014749999982, 36.871604999999974, 44.984924749999976, 17.468723999999973, 34.41200274999997, 45.75913599999996, 21.476748749999967, 31.64271599999996, 46.22366274999996, 25.175088999999964, 28.563744749999955, 46.378504999999954, 28.563744749999966, 25.175088999999964, 46.22366274999996, 31.64271599999996, 21.476748749999967, 45.75913599999997, 34.412002749999964, 17.46872399999997, 44.98492474999997, 36.871604999999974, 13.151014749999979, 43.90102899999998, 39.02152274999998, 8.523620999999993, 42.507448749999995, 40.86175599999999, 10.385617749999998, 44.39120899999999, 40.58580974999999, 1.63578197306629e-26]"
2,18,14,14,"[39.60674897959183, 50.24691020408163, 22.74319795918367, 23.47932653061224, 43.278010204081625, 34.110106122448975, 24.578828571428566, 34.11010612244898, 43.27801020408162, 23.479326530612248, 22.74319795918368, 50.24691020408162, 39.60674897959182, 8.077935669463161e-28]"
2,19,0,0,
2,20,0,0,
2,21,25,25,"[1.2533760000000003, 1.3271040000000005, 0.22118400000000007, 1.1612160000000002, 1.3824000000000003, 0.42393600000000015, 1.0506240000000002, 1.4192640000000005, 0.6082560000000002, 0.9216000000000004, 1.4376960000000005, 0.7741440000000002, 0.774144, 1.4376960000000005, 0.9216000000000002, 0.6082560000000004, 1.4192640000000005, 1.050624, 0.42393600000000015, 1.3824000000000003, 1.1612160000000002, 0.22118400000000005, 1.3271040000000005, 1.2533760000000003, 2.0194839173657902e-28]"
2,22,46,46,"[41.097510586011346, 44.412407561436666, 9.048534404536861, 41.36673459357277, 42.81533421550093, 7.482094139886577, 39.830927410207934, 44.10324706994328, 11.593727032136101, 38.060954253308125, 45.15699395085065, 15.471193950850662, 36.05681512287334, 45.97657485822305, 19.11449489603024, 33.81851001890359, 46.56198979206049, 22.523629867674853, 31.34603894139886, 46.913238752362936, 25.698598865784493, 28.639401890359167, 47.03032173913043, 28.63940189035916, 25.698598865784483, 46.913238752362936, 31.34603894139886, 22.523629867674863, 46.56198979206048, 33.818510018903595, 19.114494896030248, 45.97657485822305, 36.05681512287334, 15.471193950850665, 45.15699395085065, 38.06095425330811, 11.593727032136105, 44.10324706994328, 39.83092741020793, 7.482094139886581, 42.81533421550095, 41.366734593572765, 9.048534404536861, 44.41240756143666, 41.09751058601133, 4.9482404685255275e-25]"
2,23,28,14,"[39.606748979591835, 47.130524489795896, 21.099069387755097, 33.0204193877551, 39.9897530612245, 27.705463265306125, 29.35940714285714, 40.36294183673469, 32.112853061224484, 23.499390816326528, 38.53712653061224, 34.321238775510196, 25.15333469387755, 39.63662857142856, 25.153334693877547, 34.321238775510196, 38.537126530612234, 23.499390816326525, 32.11285306122449, 40.362941836734684, 29.359407142857144, 27.705463265306122, 39.989753061224484, 33.0204193877551, 21.099069387755094, 47.13052448979591, 39.606748979591835, 7.290336941690503e-26]"
2,24,0,0,
2,25,15,3,"[1.2800000000000007, 1.2800000000000007, 0.7680000000000002, 1.2800000000000002, 1.2800000000000005, 0.7680000000000002, 1.2800000000000005, 1.2800000000000005, 0.7680000000000002, 1.2800000000000005, 1.2800000000000002, 0.7680000000000002, 1.2800000000000007, 1.2800000000000005, 1.2621774483536189e-27]"
2,26,10,10,"[1.2095999999999916, 1.3823999999999903, 0.5183999999999963, 0.9215999999999935, 1.4399999999999897, 0.9215999999999935, 0.5183999999999963, 1.3823999999999903, 1.2095999999999913, 1.63578197306629e-26]"
3,1,0,0,
3,2,41,41,"[8.021575847709693, 5.047600951814394, 6.677426531826289, 7.884276977989287, 5.461864485425339, 8.94276466389054, 6.628114098750743, 8.83097620464009, 8.704087566924446, 9.10793599048185, 11.082521475312307, 9.60106841165972, 11.770352409280179, 10.743110053539548, 11.200316954193918, 12.36148530636524, 12.40612730517547, 13.154730755502655, 12.78680785246875, 13.122846400951794, 13.122846400951794, 12.786807852468748, 13.154730755502655, 12.40612730517547, 12.36148530636524, 11.200316954193918, 10.743110053539548, 11.770352409280177, 9.601068411659718, 11.082521475312307, 9.10793599048185, 8.704087566924445, 8.83097620464009, 6.628114098750742, 8.942764663890538, 5.461864485425339, 7.8842769779892885, 6.677426531826288, 5.047600951814394, 8.021575847709693, 8.532319550870464e-27]"
3,4,0,0,
3,5,0,0,
3,6,0,0,
3,7,0,0,
3,8,0,0,
3,9,0,0,
3,10,0,0,
3,11,0,0,
3,12,0,0,
3,13,20,20,"[13.557054749999986, 8.662348999999997, 9.674372749999998, 12.753925999999998, 4.737718750000005, 11.498641000000003, 8.655802750000007, 9.623604000000007, 10.562844750000005, 7.122325000000008, 10.562844750000005, 9.623604000000006, 8.655802750000007, 11.498641000000001, 4.737718750000005, 12.753925999999998, 9.67437275, 8.662349, 13.557054749999997, 2.908056841006738e-26]"
3,14,0,0,
3,15,0,0,
3,16,0,0,
3,17,0,0,
3,18,0,0,
3,19,0,0,
3,20,68,68,"[8.131047145328717, 5.509806228373699, 6.662291955017295, 8.557654325259511, 4.1421668685121045, 9.404458996539786, 7.049757179930789, 8.416755536332172, 9.376957006920405, 6.534543944636668, 10.757622231833896, 8.774294809688564, 9.990052854671264, 10.27639930795846, 8.797778287197213, 11.3017721453287, 9.637007352941158, 10.64871332179929, 10.678981228373681, 10.82545813148787, 12.342261678200671, 11.100894809688562, 12.483972231833889, 11.265349826989597, 11.365027595155686, 12.312417301038035, 12.382813062283711, 12.673861937716234, 12.087916868512085, 12.820271972318313, 12.675633131487862, 12.751647404844258, 12.577726557093392, 12.153870588235266, 12.577726557093394, 12.751647404844258, 12.67563313148786, 12.82027197231831, 12.087916868512083, 12.673861937716238, 12.382813062283715, 12.312417301038039, 11.365027595155688, 11.265349826989597, 12.483972231833885, 11.100894809688562, 12.342261678200668, 10.825458131487869, 10.678981228373683, 10.648713321799285, 9.637007352941154, 11.301772145328696, 8.797778287197215, 10.276399307958457, 9.990052854671266, 8.774294809688566, 10.757622231833897, 6.534543944636668, 9.376957006920403, 8.41675553633217, 7.049757179930788, 9.404458996539782, 4.142166868512105, 8.557654325259511, 6.662291955017295, 5.509806228373696, 8.131047145328713, 1.1152599933652577e-25]"
3,21,25,25,"[13.885407359999993, 8.38870144, 10.98394624, 11.328669760000004, 5.10344000000001, 12.121520960000005, 8.320048640000012, 11.087255040000011, 9.466268160000016, 8.916288000000018, 9.641474560000017, 9.850467840000016, 9.850467840000018, 9.641474560000018, 8.916288000000018, 9.46626816000002, 11.087255040000011, 8.320048640000012, 12.121520960000007, 5.10344000000001, 11.328669760000004, 10.983946240000002, 8.38870144, 13.88540735999999, 3.4129278203481855e-26]"
3,22,0,0,
3,23,0,0,
3,24,0,0,
3,25,13,13,"[13.367501775147922, 6.899884023668643, 12.263746745562138, 8.683566863905343, 9.020882840236705, 9.928002366863922, 9.928002366863923, 9.020882840236704, 8.683566863905343, 12.263746745562138, 6.899884023668642, 13.367501775147922, 1.135959703518257e-26]"
3,26,0,0,
4,1,0,0,
4,2,0,0,
4,3,0,0,
4,5,0,0,
4,6,0,0,
4,7,0,0,
4,8,0,0,
4,9,0,0,
4,10,0,0,
4,11,0,0,
4,12,15,3,"[19.427222222222085, 19.42722222222208, 11.656333333333247, 19.427222222222078, 19.42722222222208, 11.656333333333247, 19.42722222222208, 19.42722222222208, 11.656333333333247, 19.42722222222208, 19.427222222222078, 11.656333333333247, 19.427222222222085, 19.42722222222208, 2.0194839173657902e-26]"
4,13,0,0,
4,14,0,0,
4,15,0,0,
4,16,0,0,
4,17,0,0,
4,18,0,0,
4,19,0,0,
4,20,0,0,
4,21,0,0,
4,22,0,0,
4,23,0,0,
4,24,0,0,
4,25,0,0,
4,26,0,0,
5,1,0,0,
5,2,44,44,"[8.496479907024819, 4.83399690082646, 8.23235098140498, 8.354369421487625, 5.605102221074397, 9.4312175619835, 6.671097262396716, 10.164136776859536, 9.573163378099206, 9.259995247933917, 10.757764204545493, 8.818388429752101, 12.324495196281038, 10.938911776859548, 12.980224535124016, 12.068028925619886, 12.564143130165341, 12.044930785124023, 12.20675552685956, 12.322344628099232, 12.391698088843032, 12.414815909090963, 12.39169808884303, 12.322344628099227, 12.206755526859554, 12.044930785124018, 12.564143130165338, 12.068028925619883, 12.980224535124018, 10.938911776859547, 12.324495196281037, 8.8183884297521, 10.757764204545493, 9.259995247933917, 9.573163378099203, 10.164136776859534, 6.671097262396715, 9.431217561983498, 5.605102221074396, 8.354369421487625, 8.232350981404982, 4.83399690082646, 8.496479907024819, 3.4129278203481855e-26]"
5,3,0,0,
5,4,0,0,
5,6,0,0,
5,7,0,0,
5,8,0,0,
5,9,0,0,
5,10,0,0,
5,11,0,0,
5,12,0,0,
5,13,17,17,"[14.609293425605586, 5.959679584775116, 14.45419377162636, 9.373565397923933, 14.70754740484437, 11.256975086505268, 11.039730795847825, 11.49581453287205, 11.495814532872048, 11.039730795847827, 11.256975086505264, 14.70754740484437, 9.373565397923931, 14.454193771626356, 5.959679584775116, 14.609293425605584, 1.2924697071141057e-26]"
5,14,34,34,"[6.143628114186843, 9.1016712802768, 8.874129498269882, 5.461002768166081, 1.0726969723183373, 6.76124152249134, 9.26420112456746, 8.581575778546702, 4.713365484429058, 2.0803820069204124, 7.3138429930795725, 9.361719031141853, 8.224010121107252, 3.9007162629757732, 3.023055103806224, 7.8014325259515465, 9.394224999999985, 7.801432525951547, 3.0230551038062234, 3.9007162629757737, 8.224010121107252, 9.361719031141854, 7.313842993079573, 2.080382006920412, 4.713365484429058, 8.581575778546702, 9.26420112456746, 6.761241522491339, 1.0726969723183382, 5.461002768166081, 8.874129498269882, 9.101671280276806, 6.143628114186842, 1.1632227364026952e-25]"
5,15,0,0,
5,16,0,0,
5,17,0,0,
5,18,0,0,
5,19,0,0,
5,20,72,72,"[8.305766184413605, 5.291456404321001, 7.094109548611129, 8.877675617283975, 3.9803018325617407, 9.920385416666695, 6.9092819251543425, 8.666005246913606, 9.91006093750003, 6.397621219135825, 10.811033314043245, 8.19770277777781, 9.85861849922843, 10.513286033950655, 8.335902604166698, 11.172765432098807, 8.907330073302505, 10.422560416666705, 10.437962017746953, 9.54575709876547, 10.756192881944486, 9.233219367283986, 10.849553221450659, 10.916922222222265, 11.408906925154366, 11.980815663580293, 11.151537326388931, 11.586627469135848, 11.212752758487701, 11.066579861111158, 11.740330999228442, 11.160672839506221, 11.400938715277825, 11.424461959876592, 11.231242573302517, 11.857947222222272, 11.231242573302517, 11.424461959876592, 11.400938715277825, 11.16067283950622, 11.740330999228442, 11.066579861111157, 11.212752758487698, 11.586627469135848, 11.151537326388931, 11.980815663580293, 11.408906925154364, 10.916922222222263, 10.849553221450659, 9.233219367283988, 10.756192881944488, 9.54575709876547, 10.437962017746955, 10.422560416666707, 8.907330073302505, 11.172765432098807, 8.335902604166698, 10.513286033950656, 9.85861849922843, 8.197702777777806, 10.811033314043245, 6.397621219135825, 9.910060937500033, 8.666005246913606, 6.9092819251543425, 9.920385416666695, 3.98030183256174, 8.877675617283977, 7.094109548611133, 5.291456404321004, 8.305766184413603, 1.4590771302967834e-26]"
5,21,23,23,"[12.823451795841242, 12.172181096408357, 11.363831379962232, 14.19944612476375, 11.403120982986795, 13.548151606805323, 11.024720604914956, 8.969523629489618, 10.071256332703232, 11.602962192816657, 11.951423818525546, 11.95142381852554, 11.602962192816657, 10.07125633270323, 8.969523629489617, 11.024720604914956, 13.54815160680532, 11.403120982986795, 14.199446124763757, 11.363831379962228, 12.172181096408352, 12.823451795841248, 2.1992179860113456e-25]"
5,22,0,0,
5,23,0,0,
5,24,0,0,
5,25,12,12,"[14.445013888888937, 7.329088888888921, 12.957708333333386, 9.784055555555604, 9.821463888888937, 8.80326666666671, 9.821463888888939, 9.784055555555605, 12.957708333333384, 7.329088888888919, 14.445013888888937, 5.169878828456423e-26]"
5,26,0,0,
6,1,0,0,
6,2,39,39,"[8.430875871137422, 5.298200920447081, 7.001293096646955, 8.25559342537805, 5.690389086127553, 9.327105719921114, 7.687451019066414, 8.879004470742945, 9.53105325443788, 10.736930703484562, 11.676123997370162, 10.89176646942802, 12.027391452991461, 11.712286127547674, 12.953629980276142, 13.01706403681789, 13.816434451019072, 13.437895069033539, 13.795292044707436, 13.795292044707436, 13.437895069033544, 13.816434451019077, 13.017064036817889, 12.953629980276142, 11.712286127547674, 12.027391452991468, 10.891766469428017, 11.676123997370164, 10.736930703484562, 9.531053254437877, 8.879004470742943, 7.687451019066416, 9.32710571992112, 5.690389086127555, 8.255593425378045, 7.001293096646949, 5.298200920447078, 8.430875871137422, 1.5832753912147795e-25]"
6,3,0,0,
6,4,0,0,
6,5,0,0,
6,7,0,0,
6,8,0,0,
6,9,0,0,
6,10,0,0,
6,11,0,0,
6,12,0,0,
6,13,19,19,"[14.25563213296399, 9.05845484764543, 10.048983933518008, 13.185956232686982, 5.219592797783941, 12.171883102493078, 8.985048199445993, 10.385824930747924, 9.09926592797784, 9.099265927977841, 10.385824930747924, 8.985048199445993, 12.171883102493076, 5.219592797783942, 13.185956232686985, 10.048983933518008, 9.058454847645432, 14.255632132963994, 3.4129278203481855e-26]"
6,14,0,0,
6,15,0,0,
6,16,0,0,
6,17,0,0,
6,18,0,0,
6,19,0,0,
6,20,21,21,"[7.83147528344672, 4.930977324263044, 9.90972517006804, 8.21745215419502, 10.175005895691621, 9.522491156462596, 8.290384126984137, 8.509160997732433, 8.655012244897964, 8.727937868480733, 8.72793786848073, 8.655012244897964, 8.509160997732433, 8.290384126984137, 9.522491156462596, 10.175005895691623, 8.217452154195025, 9.909725170068036, 4.930977324263045, 7.831475283446723, 1.2621774483536189e-27]"
6,21,25,25,"[13.885407360000004, 8.38870144, 10.983946240000009, 11.328669760000015, 5.103440000000006, 12.121520960000009, 8.320048640000008, 11.087255040000013, 9.466268160000014, 8.916288000000018, 9.641474560000015, 9.850467840000016, 9.850467840000015, 9.641474560000017, 8.91628800000002, 9.466268160000016, 11.087255040000013, 8.32004864000001, 12.121520960000009, 5.103440000000005, 11.328669760000015, 10.983946240000007, 8.38870144, 13.885407360000004, 1.2924697071141057e-26]"
6,22,0,0,
6,23,0,0,
6,24,0,0,
6,25,0,0,
6,26,0,0,
7,1,0,0,
7,2,0,0,
7,3,0,0,
7,4,0,0,
7,5,0,0,
7,6,0,0,
7,8,0,0,
7,9,54,2,"[0.6480249999999996, 1.8175355256292112e-27, 0.6480249999999997, 7.270142102516845e-27, 0.6480249999999997, 1.63578197306629e-26, 0.6480249999999996, 2.908056841006738e-26, 0.6480249999999996, 4.543838814073028e-26, 0.6480249999999993, 6.54312789226516e-26, 0.6480249999999996, 8.905924075583135e-26, 0.6480249999999996, 1.1632227364026952e-25, 0.6480249999999993, 1.472203775759661e-25, 0.6480249999999996, 1.8175355256292112e-25, 0.6480249999999997, 2.1992179860113456e-25, 0.6480249999999993, 2.617251156906064e-25, 0.6480249999999996, 3.071635038313367e-25, 0.6480249999999996, 3.562369630233254e-25, 0.6480249999999995, 4.089454932665725e-25, 0.6480249999999996, 4.652890945610781e-25, 0.6480249999999996, 5.25267766906842e-25, 0.6480249999999993, 5.888815103038644e-25, 0.6480249999999996, 6.561303247521452e-25, 0.6480249999999997, 7.270142102516845e-25, 0.6480249999999993, 8.015331668024821e-25, 0.6480249999999996, 8.796871944045382e-25, 0.6480249999999997, 9.614762930578527e-25, 0.6480249999999995, 1.0469004627624257e-24, 0.6480249999999996, 1.135959703518257e-24, 0.6480249999999996, 1.2286540153253468e-24, 0.6480249999999995, 1.324983398183695e-24]"
7,10,0,0,
7,11,0,0,
7,12,0,0,
7,13,0,0,
7,14,0,0,
7,15,0,0,
7,16,0,0,
7,17,0,0,
7,19,0,0,
7,20,0,0,
7,21,0,0,
7,22,0,0,
7,23,0,0,
7,24,0,0,
7,26,0,0,
8,1,0,0,
8,2,0,0,
8,3,0,0,
8,4,0,0,
8,5,0,0,
8,6,0,0,
8,7,0,0,
8,9,0,0,
8,10,0,0,
8,11,0,0,
8,12,0,0,
8,13,0,0,
8,14,0,0,
8,15,0,0,
8,16,0,0,
8,17,0,0,
8,18,0,0,
8,19,0,0,
8,20,0,0,
8,21,0,0,
8,22,0,0,
8,23,0,0,
8,24,0,0,
8,25,0,0,
8,26,0,0,
9,1,0,0,
9,2,0,0,
9,3,0,0,
9,4,0,0,
9,5,0,0,
9,6,0,0,
9,7,64,64,"[0.3406404052734391, 0.5976147460937529, 0.7709230224609411, 0.8605652343750042, 0.8665413818359418, 0.788851464843754, 0.6274954833984406, 0.3824734375000019, 0.05378532714843778, 0.2970999023437514, 0.5660265380859404, 0.7512871093750038, 0.8528816162109416, 0.8708100585937543, 0.8050724365234413, 0.6556687500000032, 0.4225989990234396, 0.10586318359375053, 0.25185192871093864, 0.5327308593750026, 0.729943725585941, 0.843490527343754, 0.8733712646484418, 0.8195859375000041, 0.6821345458984408, 0.4610170898437522, 0.15623356933593824, 0.20489648437500096, 0.49772770996093996, 0.7068928710937534, 0.8323919677734415, 0.8742250000000042, 0.8323919677734415, 0.7068928710937534, 0.49772770996094007, 0.204896484375001, 0.15623356933593827, 0.4610170898437523, 0.6821345458984409, 0.819585937500004, 0.8733712646484418, 0.8434905273437543, 0.7299437255859411, 0.5327308593750026, 0.25185192871093875, 0.1058631835937505, 0.4225989990234395, 0.6556687500000031, 0.8050724365234414, 0.8708100585937542, 0.8528816162109416, 0.7512871093750035, 0.5660265380859403, 0.2970999023437515, 0.05378532714843776, 0.38247343750000184, 0.6274954833984405, 0.7888514648437539, 0.8665413818359415, 0.8605652343750042, 0.7709230224609412, 0.5976147460937529, 0.3406404052734391, 6.333101564859118e-25]"
9,8,20,10,"[0.3147209999999997, 0.5595039999999996, 0.7343489999999996, 0.8392559999999992, 0.8742249999999991, 0.8392559999999992, 0.7343489999999994, 0.5595039999999994, 0.3147209999999998, 0.3496899999999997, 0.3147209999999997, 0.5595039999999997, 0.7343489999999994, 0.8392559999999992, 0.8742249999999994, 0.8392559999999992, 0.7343489999999993, 0.5595039999999993, 0.31472099999999975, 1.135959703518257e-28]"
9,10,54,9,"[0.34537283950617176, 0.6044024691358006, 0.7770888888888867, 0.8634320987654299, 0.8634320987654296, 0.7770888888888865, 0.6044024691358006, 0.3453728395061721, 1.8225842354226257e-26, 0.34537283950617187, 0.6044024691358009, 0.7770888888888869, 0.8634320987654296, 0.8634320987654299, 0.7770888888888869, 0.6044024691358009, 0.345372839506172, 7.290336941690503e-26, 0.345372839506172, 0.6044024691358009, 0.7770888888888869, 0.8634320987654299, 0.8634320987654297, 0.7770888888888867, 0.6044024691358006, 0.3453728395061719, 1.640325811880363e-25, 0.345372839506172, 0.6044024691358006, 0.7770888888888867, 0.8634320987654298, 0.8634320987654299, 0.7770888888888865, 0.604402469135801, 0.3453728395061719, 2.916134776676201e-25, 0.3453728395061721, 0.604402469135801, 0.7770888888888869, 0.8634320987654297, 0.8634320987654297, 0.7770888888888869, 0.6044024691358009, 0.3453728395061717, 4.556460588556564e-25, 0.34537283950617187, 0.6044024691358005, 0.7770888888888868, 0.8634320987654297, 0.8634320987654294, 0.7770888888888867, 0.6044024691358009, 0.3453728395061721, 6.561303247521452e-25]"
9,11,41,41,"[0.3744449732302219, 0.6448774538964934, 0.811297441998814, 0.8737049375371845, 0.8320999405116043, 0.6864824509220735, 0.4368524687685923, 0.08320999405116043, 0.3078769779892936, 0.5991119571683551, 0.7863344437834661, 0.8695444378346264, 0.8487419393218363, 0.7239269482450958, 0.49509946460440457, 0.16225948839976284, 0.23714848304580727, 0.5491859607376589, 0.7572109458655599, 0.8612234384295105, 0.8612234384295103, 0.7572109458655599, 0.5491859607376589, 0.23714848304580727, 0.16225948839976284, 0.49509946460440457, 0.7239269482450957, 0.8487419393218365, 0.8695444378346266, 0.7863344437834661, 0.5991119571683551, 0.3078769779892936, 0.08320999405116043, 0.43685246876859224, 0.6864824509220736, 0.8320999405116043, 0.8737049375371846, 0.811297441998814, 0.6448774538964934, 0.37444497323022197, 6.1089388500315154e-27]"
9,12,206,103,"[0.3599410689037602, 0.6249526251296054, 0.7950346686775357, 0.8701871995475515, 0.8504102177396529, 0.735703723253839, 0.5260677160901108, 0.22150219624846765, 0.16151201809784102, 0.4818991233858032, 0.7073567159958505, 0.8378847959279835, 0.8734833631822017, 0.8141524177585046, 0.6598919596568934, 0.41070198887736725, 0.06658250541992627, 0.30654321802243295, 0.5873763596945972, 0.7732799886888471, 0.8642541050051822, 0.860298708643602, 0.7614137996041078, 0.5675993778866985, 0.27885544349137453, 0.09888490903949451, 0.43509359977377565, 0.6763727778301423, 0.8227224432085944, 0.8741425959091315, 0.8306332359317542, 0.6921943632764614, 0.4588259779432543, 0.1305280799321327, 0.25050843623338614, 0.5471631633518693, 0.7488883777924383, 0.8556840795550925, 0.8675502686398315, 0.7844869450466564, 0.6064941087755664, 0.3335717598265614, 0.03362086907342812, 0.3856511452540286, 0.6427519087567142, 0.8049231595814852, 0.8721648977283416, 0.8444771231972829, 0.7218598359883098, 0.5043130361014219, 0.19183672353661935, 0.19183672353661935, 0.504313036101422, 0.7218598359883099, 0.8444771231972832, 0.8721648977283415, 0.804923159581485, 0.6427519087567142, 0.38565114525402855, 0.03362086907342813, 0.3335717598265614, 0.6064941087755661, 0.7844869450466562, 0.8675502686398316, 0.8556840795550925, 0.7488883777924384, 0.5471631633518694, 0.2505084362333861, 0.13052807993213275, 0.4588259779432545, 0.6921943632764613, 0.8306332359317539, 0.8741425959091312, 0.822722443208594, 0.6763727778301425, 0.43509359977377565, 0.09888490903949448, 0.27885544349137453, 0.5675993778866983, 0.7614137996041075, 0.8602987086436024, 0.8642541050051817, 0.7732799886888471, 0.5873763596945976, 0.30654321802243306, 0.0665825054199263, 0.41070198887736703, 0.6598919596568931, 0.8141524177585048, 0.8734833631822017, 0.8378847959279836, 0.7073567159958507, 0.4818991233858034, 0.16151201809784094, 0.22150219624846768, 0.5260677160901108, 0.7357037232538391, 0.8504102177396528, 0.8701871995475513, 0.7950346686775358, 0.6249526251296051, 0.35994106890376, 3.478056176683232e-25, 0.35994106890375993, 0.6249526251296054, 0.7950346686775357, 0.8701871995475516, 0.8504102177396525, 0.735703723253839, 0.5260677160901108, 0.22150219624846773, 0.1615120180978411, 0.4818991233858032, 0.7073567159958508, 0.8378847959279832, 0.8734833631822014, 0.8141524177585046, 0.6598919596568932, 0.4107019888773669, 0.0665825054199263, 0.3065432180224329, 0.5873763596945974, 0.7732799886888468, 0.864254105005182, 0.8602987086436021, 0.7614137996041076, 0.5675993778866985, 0.27885544349137453, 0.09888490903949453, 0.43509359977377593, 0.6763727778301423, 0.822722443208594, 0.8741425959091315, 0.8306332359317539, 0.6921943632764613, 0.4588259779432545, 0.1305280799321327, 0.25050843623338603, 0.5471631633518697, 0.7488883777924382, 0.8556840795550924, 0.867550268639832, 0.7844869450466563, 0.6064941087755662, 0.3335717598265615, 0.033620869073428115, 0.38565114525402844, 0.6427519087567142, 0.8049231595814852, 0.8721648977283416, 0.8444771231972832, 0.72185983598831, 0.5043130361014219, 0.1918367235366192, 0.19183672353661932, 0.504313036101422, 0.7218598359883099, 0.8444771231972832, 0.8721648977283415, 0.8049231595814853, 0.6427519087567145, 0.38565114525402866, 0.03362086907342815, 0.33357175982656145, 0.6064941087755663, 0.7844869450466564, 0.8675502686398318, 0.8556840795550924, 0.7488883777924384, 0.5471631633518694, 0.25050843623338603, 0.13052807993213275, 0.45882597794325447, 0.6921943632764617, 0.8306332359317536, 0.8741425959091315, 0.8227224432085943, 0.6763727778301425, 0.4350935997737759, 0.09888490903949451, 0.2788554434913746, 0.5675993778866985, 0.7614137996041078, 0.860298708643602, 0.864254105005182, 0.7732799886888471, 0.5873763596945971, 0.30654321802243295, 0.06658250541992629, 0.41070198887736714, 0.6598919596568934, 0.8141524177585048, 0.8734833631822014, 0.8378847959279836, 0.7073567159958507, 0.48189912338580315, 0.16151201809784096, 0.2215021962484677, 0.5260677160901108, 0.7357037232538391, 0.8504102177396531, 0.8701871995475516, 0.7950346686775357, 0.6249526251296051, 0.35994106890376004, 1.3912224706732929e-24]"
9,13,0,0,
9,14,0,0,
9,15,0,0,
9,16,0,0,
9,17,0,0,
9,18,0,0,
9,19,0,0,
9,20,0,0,
9,21,0,0,
9,22,0,0,
9,23,0,0,
9,24,0,0,
9,25,0,0,
9,26,0,0,
10,1,0,0,
10,2,5,5,"[8.811023999999968, 8.952535999999963, 8.952535999999963, 8.81102399999997, 1.2924697071141057e-26]"
10,3,0,0,
10,4,0,0,
10,5,0,0,
10,6,0,0,
10,7,0,0,
10,8,0,0,
10,9,0,0,
10,11,0,0,
10,12,0,0,
10,13,0,0,
10,14,0,0,
10,15,0,0,
10,16,0,0,
10,17,0,0,
10,18,0,0,
10,19,0,0,
10,20,0,0,
10,21,0,0,
10,22,0,0,
10,23,0,0,
10,24,0,0,
10,25,0,0,
10,26,0,0,
11,1,0,0,
11,2,0,0,
11,3,0,0,
11,4,0,0,
11,5,0,0,
11,6,0,0,
11,7,0,0,
11,8,0,0,
11,9,0,0,
11,10,0,0,
11,12,0,0,
11,13,0,0,
11,14,0,0,
11,15,0,0,
11,16,0,0,
11,17,0,0,
11,18,0,0,
11,19,0,0,
11,20,0,0,
11,21,0,0,
11,22,0,0,
11,23,0,0,
11,24,0,0,
11,25,0,0,
11,26,0,0,
12,1,0,0,
12,2,7,7,"[8.48435510204079, 4.494877551020389, 4.785853061224474, 4.785853061224475, 4.494877551020389, 8.484355102040793, 7.270142102516845e-27]"
12,3,0,0,
12,4,0,0,
12,5,0,0,
12,6,0,0,
12,7,0,0,
12,8,0,0,
12,9,0,0,
12,10,0,0,
12,11,0,0,
12,13,5,5,"[14.799503999999974, 10.384855999999965, 10.384855999999964, 14.799503999999974, 0.0]"
12,14,0,0,
12,15,0,0,
12,16,0,0,
12,17,0,0,
12,18,0,0,
12,19,0,0,
12,20,7,7,"[8.48435510204079, 4.494877551020389, 4.785853061224474, 4.785853061224475, 4.494877551020389, 8.484355102040793, 7.270142102516845e-27]"
12,21,7,7,"[13.837824489795898, 7.079040816326511, 10.007077551020396, 10.007077551020396, 7.079040816326512, 13.837824489795903, 7.270142102516845e-27]"
12,22,0,0,
12,23,0,0,
12,24,0,0,
12,25,0,0,
12,26,0,0,
13,1,0,0,
13,2,21,21,"[2.0383999999999998, 1.5679999999999992, 1.0584, 2.1559999999999997, 0.7447999999999997, 1.7639999999999996, 1.9207999999999994, 0.3919999999999998, 2.116799999999999, 1.3327999999999998, 1.3327999999999995, 2.1167999999999996, 0.39199999999999974, 1.9207999999999998, 1.7639999999999996, 0.7447999999999999, 2.1559999999999997, 1.0583999999999998, 1.5679999999999992, 2.0383999999999993, 6.184669496932733e-28]"
13,3,24,24,"[51.77737065972224, 55.67980763888892, 32.496085937500006, 48.05721388888892, 41.16529982638892, 39.62610208333334, 51.772445659722244, 38.858780555555576, 34.044281770833344, 49.182590972222236, 39.78274149305557, 36.64945833333335, 39.782741493055575, 49.18259097222224, 34.044281770833344, 38.858780555555576, 51.77244565972225, 39.62610208333335, 41.16529982638891, 48.05721388888892, 32.49608593750002, 55.67980763888892, 51.777370659722244, 2.0194839173657902e-28]"
13,4,0,0,
13,5,21,21,"[2.0383999999999967, 1.5679999999999972, 1.0583999999999987, 2.1559999999999966, 0.7447999999999988, 1.7639999999999971, 1.9207999999999974, 0.3919999999999992, 2.1167999999999965, 1.3327999999999978, 1.3327999999999978, 2.1167999999999965, 0.39199999999999935, 1.9207999999999967, 1.7639999999999971, 0.7447999999999989, 2.1559999999999966, 1.0583999999999982, 1.5679999999999974, 2.0383999999999967, 6.911683707184417e-26]"
13,6,20,20,"[53.69115400000002, 57.23135600000002, 36.228656000000015, 44.07221400000002, 40.69147000000001, 36.085814000000006, 58.59769600000003, 41.23980600000002, 32.37684400000002, 48.432300000000026, 32.376844000000006, 41.23980600000001, 58.59769600000003, 36.085814, 40.69147000000002, 44.072214000000024, 36.228656000000015, 57.23135600000002, 53.691154000000026, 1.1632227364026952e-25]"
13,7,0,0,
13,8,0,0,
13,9,0,0,
13,10,0,0,
13,11,0,0,
13,12,3,3,"[1.920799999999997, 1.920799999999997, 8.077935669463161e-28]"
13,14,0,0,
13,15,26,13,"[2.0458224852070974, 1.534366863905323, 1.1252023668639035, 2.148113609467453, 0.6137467455621292, 1.8412402366863876, 1.8412402366863876, 0.6137467455621293, 2.148113609467452, 1.1252023668639035, 1.534366863905323, 2.0458224852070974, 0.6648923076923067, 2.0458224852070974, 1.5343668639053232, 1.1252023668639035, 2.148113609467452, 0.6137467455621292, 1.8412402366863876, 1.8412402366863883, 0.6137467455621293, 2.1481136094674524, 1.1252023668639037, 1.5343668639053232, 2.0458224852070974, 3.2311742677852644e-27]"
13,16,16,16,"[54.11659648437502, 56.05832343750002, 32.63511835937502, 49.50298125000003, 32.62634960937502, 54.96033593750003, 53.30016523437504, 16.815050000000014, 53.30016523437504, 54.960335937500034, 32.62634960937502, 49.50298125000003, 32.635118359375014, 56.05832343750002, 54.11659648437503, 4.089454932665725e-27]"
13,17,16,16,"[54.116596484374995, 56.05832343749999, 32.635118359375, 49.50298125000001, 32.626349609375, 54.960335937500005, 53.300165234375015, 16.81505000000001, 53.30016523437502, 54.960335937500005, 32.626349609375, 49.50298125000001, 32.635118359375, 56.05832343749999, 54.116596484374995, 2.0194839173657902e-28]"
13,18,8,8,"[46.858418749999956, 62.70722499999995, 38.54951874999997, 41.90452499999998, 38.54951874999997, 62.707224999999944, 46.858418749999956, 1.8175355256292112e-27]"
13,19,0,0,
13,20,41,41,"[2.0053563355145743, 1.6968399762046396, 0.7610070196311717, 2.149330636525877, 1.2237815585960734, 1.3574719809637115, 2.128762879238548, 0.5861810826888755, 1.7893948839976197, 1.9436530636525875, 0.20567757287328975, 2.0567757287328963, 1.5940011897679944, 0.9255490779298036, 2.159614515169541, 1.0798072575847706, 1.4808785246876852, 2.097911243307554, 0.40107126710291485, 1.8716659131469358, 1.8716659131469353, 0.40107126710291474, 2.097911243307554, 1.4808785246876854, 1.0798072575847706, 2.1596145151695416, 0.9255490779298033, 1.5940011897679949, 2.0567757287328963, 0.20567757287328967, 1.9436530636525866, 1.7893948839976197, 0.5861810826888755, 2.128762879238548, 1.3574719809637117, 1.2237815585960734, 2.149330636525877, 0.7610070196311717, 1.6968399762046396, 2.005356335514574, 3.6126674015501457e-26]"
13,21,0,0,
13,22,22,22,"[45.26671342975205, 51.14664462809915, 12.780393595041316, 46.63536033057851, 55.239417561983444, 22.51591074380164, 44.85890351239668, 56.086859504132214, 25.925978719008256, 34.968370247933876, 56.66238863636362, 34.96837024793387, 25.925978719008253, 56.086859504132214, 44.85890351239668, 22.515910743801644, 55.239417561983444, 46.63536033057849, 12.78039359504131, 51.146644628099146, 45.26671342975204, 1.6983859745046296e-25]"
13,23,14,14,"[43.22304540816324, 52.448995918367324, 22.536765816326522, 37.34986938775507, 58.00650663265305, 44.11136326530612, 34.24685357142856, 44.11136326530611, 58.006506632653036, 37.34986938775508, 22.536765816326525, 52.44899591836734, 43.22304540816326, 8.532319550870464e-27]"
13,24,0,0,
13,25,0,0,
13,26,0,0,
14,1,0,0,
14,2,53,53,"[13.292352794588888, 10.733052687789302, 7.875424207903213, 15.080606977572176, 7.732174581701732, 12.719783624065592, 14.163935991456135, 5.917156212175223, 15.834342399430529, 13.467815307938892, 11.129099466002248, 16.263708081167817, 10.086467568529844, 13.655781701673327, 14.007778782485007, 7.26159088643656, 14.465670843716765, 12.304958276967021, 10.491573940904352, 14.856770665717473, 8.88198241367045, 12.001401637593567, 12.552522677109408, 7.619719117123628, 14.69674944820234, 11.433794802420906, 11.433794802420906, 14.696749448202336, 7.619719117123627, 12.552522677109408, 12.001401637593567, 8.88198241367045, 14.856770665717473, 10.491573940904349, 12.30495827696702, 14.465670843716765, 7.261590886436559, 14.007778782485007, 13.655781701673328, 10.08646756852984, 16.263708081167817, 11.129099466002245, 13.467815307938887, 15.834342399430529, 5.917156212175221, 14.163935991456139, 12.719783624065588, 7.732174581701729, 15.08060697757218, 7.8754242079032135, 10.733052687789302, 13.292352794588881, 2.0194839173657902e-24]"
14,3,0,0,
14,4,0,0,
14,5,0,0,
14,6,0,0,
14,7,0,0,
14,8,0,0,
14,9,0,0,
14,10,0,0,
14,11,0,0,
14,12,0,0,
14,13,0,0,
14,15,0,0,
14,16,0,0,
14,17,0,0,
14,18,0,0,
14,19,0,0,
14,20,91,7,"[13.312983673469452, 10.42498963893255, 8.695138775510255, 15.293879434850945, 6.825642386185293, 13.666475981161783, 14.11892307692317, 6.862871585557365, 16.049890737833707, 11.491962951334472, 11.678351962323486, 15.288945682888652, 5.7206232339090155, 13.34943296703307, 11.757724332810142, 8.115945682888622, 14.688881632653175, 9.779075039246564, 12.443758869701838, 14.00240345368929, 6.342448351648442, 14.7456056514915, 12.988051177394164, 11.636457456829014, 15.595191522763104, 9.959244583987566, 13.785849607535468, 13.300140659340803, 8.502117739403573, 14.674789638932644, 11.440811302982866, 12.385079434851, 14.111369858712859, 8.129122135007963, 13.117569230769364, 10.959651805337645, 11.281868759811747, 14.084220094191663, 10.876145368916925, 13.544429199372196, 11.900399058084906, 9.34027912087924, 13.78666059654645, 10.52450392464691, 13.138705808477377, 13.138705808477376, 10.524503924646906, 13.786660596546456, 9.340279120879242, 11.900399058084906, 13.544429199372196, 10.876145368916925, 14.084220094191666, 11.281868759811744, 10.959651805337645, 13.117569230769364, 8.129122135007963, 14.111369858712859, 12.385079434851, 11.440811302982864, 14.674789638932648, 8.502117739403575, 13.300140659340803, 13.785849607535468, 9.95924458398757, 15.595191522763104, 11.636457456829019, 12.988051177394164, 14.745605651491505, 6.342448351648444, 14.002403453689292, 12.443758869701838, 9.779075039246564, 14.68888163265318, 8.115945682888624, 11.757724332810145, 13.349432967033076, 5.720623233909016, 15.28894568288865, 11.678351962323484, 11.491962951334472, 16.049890737833707, 6.862871585557364, 14.118923076923169, 13.666475981161787, 6.8256423861852955, 15.293879434850945, 8.695138775510252, 10.424989638932548, 13.312983673469448, 3.071635038313367e-25]"
14,21,0,0,
14,22,0,0,
14,23,0,0,
14,24,0,0,
14,25,0,0,
14,26,0,0,
15,1,0,0,
15,2,45,45,"[4.091811555555568, 4.271086222222236, 2.482712888888894, 5.315136000000014, 4.2350222222222325, 3.132149333333339, 5.227850666666678, 4.122126222222231, 3.7047537777777846, 5.063733333333347, 3.932398222222232, 4.200526222222232, 4.822784000000009, 3.665838222222229, 4.619466666666677, 4.5050026666666785, 3.322446222222229, 4.961575111111123, 4.110389333333343, 2.9022222222222283, 5.2268515555555695, 3.638944000000008, 3.6389440000000093, 5.2268515555555695, 2.902222222222229, 4.110389333333344, 4.961575111111125, 3.32244622222223, 4.505002666666678, 4.619466666666678, 3.6658382222222308, 4.822784000000011, 4.200526222222232, 3.9323982222222305, 5.063733333333347, 3.704753777777787, 4.122126222222233, 5.227850666666679, 3.1321493333333383, 4.2350222222222325, 5.315136000000013, 2.4827128888888925, 4.271086222222234, 4.0918115555555685, 6.1089388500315154e-27]"
15,3,0,0,
15,4,0,0,
15,5,0,0,
15,6,0,0,
15,7,0,0,
15,8,0,0,
15,9,0,0,
15,10,0,0,
15,11,0,0,
15,12,0,0,
15,13,22,22,"[6.6644628099173735, 5.1305785123967045, 6.045619834710748, 6.616859504132239, 6.786115702479346, 6.029752066115706, 5.220495867768594, 6.685619834710749, 5.246942148760332, 5.500826446280986, 8.378181818181819, 5.500826446280987, 5.246942148760331, 6.685619834710747, 5.220495867768596, 6.029752066115706, 6.786115702479346, 6.616859504132239, 6.045619834710746, 5.1305785123967045, 6.664462809917373, 8.077935669463161e-28]"
15,14,0,0,
15,16,0,0,
15,17,0,0,
15,18,0,0,
15,19,0,0,
15,20,87,87,"[4.110150878583711, 4.295150640771581, 2.2966084819659187, 4.832685321706976, 3.443611045052198, 2.719813238208488, 5.059370062095404, 4.111936689126711, 3.8260188664288632, 5.132191306645541, 3.7895344695468443, 4.211841458581063, 5.122790434667735, 3.3849101334390346, 4.515441934205323, 5.031167446161989, 2.8980636808032805, 4.736820293301639, 4.8573223411283, 2.9671560311798184, 5.146321363456214, 4.871599947152875, 3.321842356982437, 4.737968133174806, 4.706184172281687, 4.134996221429526, 4.788082441537864, 4.361075016514742, 4.130295785440622, 4.388158541418956, 4.204088571806061, 4.313718060509983, 4.544173444312337, 3.964880010569435, 4.414918219051405, 4.6179662306777765, 3.64344933280487, 4.433896261064878, 4.60953690051527, 3.877957458052591, 4.6409970141366195, 4.789230281411032, 4.030243466772371, 4.030243466772372, 4.78923028141103, 4.640997014136621, 3.8779574580525895, 4.60953690051527, 4.433896261064881, 3.643449332804869, 4.617966230677774, 4.414918219051405, 3.964880010569438, 4.544173444312336, 4.313718060509983, 4.204088571806061, 4.3881585414189574, 4.130295785440622, 4.36107501651474, 4.788082441537864, 4.134996221429525, 4.706184172281688, 4.737968133174806, 3.3218423569824376, 4.871599947152874, 5.146321363456217, 2.9671560311798184, 4.857322341128298, 4.736820293301635, 2.8980636808032822, 5.031167446161989, 4.515441934205323, 3.384910133439036, 5.1227904346677375, 4.211841458581063, 3.789534469546846, 5.132191306645541, 3.826018866428864, 4.111936689126712, 5.059370062095404, 2.719813238208488, 3.443611045052195, 4.832685321706977, 2.2966084819659196, 4.29515064077158, 4.110150878583708, 5.780267842480233e-25]"
15,21,27,27,"[7.696720987654339, 6.121728395061738, 6.9846518518518526, 7.50741728395061, 8.145135802469113, 8.678548148148119, 10.294024691357988, 9.274824691357972, 10.807318518518464, 10.416246913580178, 11.12501728395054, 11.379851851851768, 11.38934320987645, 11.38934320987645, 11.379851851851768, 11.12501728395054, 10.416246913580178, 10.80731851851846, 9.274824691357976, 10.294024691357988, 8.67854814814812, 8.145135802469111, 7.507417283950609, 6.984651851851854, 6.121728395061738, 7.696720987654338, 2.0194839173657902e-28]"
15,22,0,0,
15,23,0,0,
15,24,0,0,
15,25,15,3,"[6.968888888888906, 3.8968888888889004, 6.400000000000019, 4.835555555555574, 5.944888888888912, 5.546666666666689, 7.054222222222251, 7.05422222222225, 5.546666666666689, 5.944888888888912, 4.835555555555573, 6.400000000000019, 3.896888888888898, 6.968888888888903, 2.0194839173657902e-26]"
15,26,0,0,
16,1,0,0,
16,2,36,36,"[7.878224922839504, 5.554871913580242, 8.722535416666663, 8.893559876543208, 7.25238973765432, 9.819519444444442, 8.107293441358024, 10.898922839506175, 9.706752083333338, 11.440164506172847, 12.447554552469143, 11.840033333333345, 12.875378626543217, 12.591368209876553, 13.061335416666676, 15.17416913580248, 14.783202700617291, 16.035102777777787, 14.783202700617286, 15.17416913580248, 13.06133541666668, 12.59136820987655, 12.875378626543217, 11.840033333333345, 12.447554552469144, 11.44016450617285, 9.706752083333342, 10.898922839506175, 8.107293441358024, 9.819519444444445, 7.252389737654318, 8.893559876543206, 8.722535416666659, 5.554871913580241, 7.878224922839501, 1.3651711281392742e-25]"
16,3,0,0,
16,4,0,0,
16,5,0,0,
16,6,0,0,
16,7,0,0,
16,8,0,0,
16,9,0,0,
16,10,0,0,
16,11,0,0,
16,12,0,0,
16,13,17,17,"[14.609293425605529, 5.959679584775093, 14.454193771626308, 9.3735653979239, 14.707547404844318, 11.25697508650523, 11.039730795847792, 11.495814532872014, 11.495814532872014, 11.039730795847792, 11.25697508650523, 14.707547404844318, 9.3735653979239, 14.454193771626306, 5.959679584775093, 14.609293425605529, 6.1089388500315154e-27]"
16,14,0,0,
16,15,0,0,
16,17,0,0,
16,18,0,0,
16,19,0,0,
16,20,54,54,"[8.03053333333333, 5.144681481481476, 6.410429629629623, 8.011151851851842, 4.288411111111104, 8.927970370370362, 6.599292592592582, 7.764107407407392, 8.605788888888872, 6.689933333333316, 9.25423703703702, 7.416229629629613, 9.00619999999998, 8.825299999999983, 9.045381481481462, 10.45607407407405, 9.240751851851828, 10.795299999999974, 9.920870370370347, 10.171537037037014, 10.954707407407382, 10.888159259259233, 11.35411481481479, 11.56294444444442, 11.514648148148124, 12.591448148148125, 12.028899999999979, 12.59144814814812, 11.514648148148117, 11.562944444444426, 11.354114814814793, 10.888159259259238, 10.954707407407378, 10.171537037037012, 9.920870370370347, 10.795299999999978, 9.240751851851828, 10.456074074074046, 9.04538148148146, 8.825299999999979, 9.006199999999982, 7.4162296296296155, 9.254237037037022, 6.689933333333317, 8.605788888888872, 7.764107407407393, 6.5992925925925805, 8.927970370370359, 4.288411111111104, 8.011151851851844, 6.410429629629623, 5.144681481481478, 8.030533333333327, 2.0038329170062053e-25]"
16,21,20,20,"[13.557054749999986, 8.662348999999997, 9.674372749999998, 12.753925999999998, 4.737718750000005, 11.498641000000003, 8.655802750000007, 9.623604000000007, 10.562844750000005, 7.122325000000008, 10.562844750000005, 9.623604000000006, 8.655802750000007, 11.498641000000001, 4.737718750000005, 12.753925999999998, 9.67437275, 8.662349, 13.557054749999997, 2.908056841006738e-26]"
16,22,0,0,
16,23,0,0,
16,24,0,0,
16,25,7,7,"[13.83782448979591, 7.079040816326538, 10.007077551020412, 10.007077551020412, 7.079040816326538, 13.837824489795908, 1.2621774483536189e-27]"
16,26,0,0,
17,1,0,0,
17,2,43,43,"[7.978916062736634, 6.134575878853449, 7.604965494862102, 9.33292677122771, 4.212515521903734, 9.43050383991348, 8.047561492698764, 9.152888480259607, 9.689326663061122, 6.5997179015684155, 8.973262195781505, 7.968201406165497, 8.624949486208767, 7.8863482963764255, 8.232397836668476, 8.91891206057329, 9.201704921579237, 9.080776419686321, 8.55612655489454, 9.36356928069227, 9.767290643591135, 9.767290643591137, 9.36356928069227, 8.556126554894544, 9.080776419686321, 9.201704921579239, 8.91891206057329, 8.232397836668474, 7.886348296376427, 8.62494948620877, 7.968201406165497, 8.973262195781508, 6.599717901568413, 9.689326663061122, 9.152888480259609, 8.047561492698764, 9.430503839913479, 4.212515521903734, 9.332926771227708, 7.6049654948621015, 6.1345758788534495, 7.978916062736634, 4.273227969146012e-25]"
17,3,0,0,
17,4,0,0,
17,5,0,0,
17,6,0,0,
17,7,0,0,
17,8,0,0,
17,9,0,0,
17,10,0,0,
17,11,0,0,
17,12,0,0,
17,13,17,17,"[14.609293425605543, 5.959679584775087, 14.454193771626317, 9.373565397923896, 14.707547404844318, 11.256975086505225, 11.039730795847788, 11.495814532872009, 11.495814532872009, 11.039730795847788, 11.256975086505225, 14.707547404844318, 9.373565397923896, 14.454193771626317, 5.959679584775087, 14.609293425605541, 7.290336941690503e-26]"
17,14,0,0,
17,15,0,0,
17,16,0,0,
17,18,0,0,
17,19,0,0,
17,20,73,73,"[8.192454456746125, 5.220834265340599, 7.0011229874273, 8.325161718896625, 5.445613473447189, 9.848628936010535, 6.446473860011275, 10.132666053668629, 9.906778119722295, 8.397851154062693, 11.299767348470654, 8.294595196096843, 10.868485381872787, 10.065942015387517, 9.878441808969802, 11.23006421467444, 8.572680465378129, 11.007539876149387, 9.57914655657723, 10.663878588853459, 10.41601268530683, 10.880480352786657, 11.034815837868289, 10.684802702195553, 11.776986151247911, 11.48810865077878, 11.863101707637476, 11.441143404015781, 12.267165246763016, 12.296235729029856, 12.550820604240961, 12.592563708012776, 12.421465040345295, 13.059990354663181, 12.463208144117106, 12.676049915556401, 12.6760499155564, 12.463208144117107, 13.059990354663178, 12.421465040345293, 12.592563708012776, 12.550820604240963, 12.296235729029855, 12.267165246763014, 11.441143404015783, 11.863101707637478, 11.488108650778782, 11.776986151247911, 10.684802702195555, 11.034815837868289, 10.880480352786657, 10.416012685306828, 10.663878588853459, 9.579146556577232, 11.007539876149385, 8.572680465378127, 11.230064214674442, 9.878441808969802, 10.06594201538752, 10.868485381872793, 8.294595196096841, 11.299767348470654, 8.397851154062694, 9.906778119722299, 10.132666053668629, 6.4464738600112765, 9.848628936010536, 5.44561347344719, 8.325161718896624, 7.001122987427301, 5.220834265340604, 8.192454456746127, 1.0469004627624257e-24]"
17,21,24,12,"[14.445013888888894, 8.662422222222222, 11.271041666666676, 11.9774638888889, 5.322280555555559, 11.624308333333346, 8.164063888888899, 11.5082888888889, 10.243575000000014, 10.056588888888903, 9.293997222222238, 9.821800000000014, 9.293997222222238, 10.056588888888903, 10.243575000000014, 11.5082888888889, 8.164063888888899, 11.624308333333344, 5.322280555555559, 11.977463888888897, 11.271041666666676, 8.66242222222222, 14.445013888888893, 1.1632227364026952e-25]"
17,22,0,0,
17,23,0,0,
17,24,0,0,
17,25,12,12,"[14.445013888888896, 7.329088888888889, 12.957708333333349, 9.78405555555557, 9.821463888888902, 8.803266666666682, 9.821463888888902, 9.78405555555557, 12.957708333333349, 7.329088888888889, 14.445013888888893, 2.908056841006738e-26]"
17,26,0,0,
18,1,0,0,
18,2,13,13,"[8.052282840236707, 2.963315976331373, 7.146776331360972, 4.748986982248542, 4.791486390532564, 4.812736094674576, 4.812736094674576, 4.7914863905325635, 4.748986982248542, 7.146776331360973, 2.9633159763313723, 8.052282840236705, 5.0487097934144756e-27]"
18,3,0,0,
18,4,0,0,
18,5,0,0,
18,6,0,0,
18,8,0,0,
18,9,0,0,
18,10,0,0,
18,11,0,0,
18,12,0,0,
18,13,0,0,
18,14,0,0,
18,15,0,0,
18,16,0,0,
18,17,0,0,
18,19,0,0,
18,20,5,5,"[8.811024000000026, 8.952536000000027, 8.952536000000029, 8.811024000000026, 2.0194839173657902e-28]"
18,21,0,0,
18,22,0,0,
18,23,0,0,
18,24,0,0,
18,26,0,0,
19,1,0,0,
19,2,0,0,
19,3,0,0,
19,4,0,0,
19,5,0,0,
19,6,0,0,
19,7,0,0,
19,8,0,0,
19,9,0,0,
19,10,0,0,
19,11,0,0,
19,12,0,0,
19,13,0,0,
19,14,0,0,
19,15,0,0,
19,16,0,0,
19,17,0,0,
19,18,0,0,
19,20,0,0,
19,21,0,0,
19,22,0,0,
19,23,0,0,
19,24,0,0,
19,25,0,0,
19,26,0,0,
20,1,10,10,"[1.2095999999999987, 1.3823999999999983, 0.5183999999999994, 0.9215999999999991, 1.4399999999999984, 0.9215999999999989, 0.5183999999999994, 1.3823999999999983, 1.2095999999999987, 5.048709793414476e-29]"
20,2,0,0,
20,3,70,70,"[40.66063520408163, 43.75559510204081, 8.695976836734694, 39.699906122448965, 44.6481943877551, 13.346110204081631, 37.32393928571427, 42.21332448979591, 16.572980102040813, 36.60672040816327, 43.27265969387754, 19.4088693877551, 35.49852091836734, 43.941014285714274, 21.853778061224485, 33.99934081632653, 44.21838826530612, 23.90770612244897, 32.10918010204081, 44.10478163265306, 25.57065357142856, 29.828038775510198, 43.600194387755096, 26.842620408163256, 27.155916836734686, 42.70462653061224, 27.723606632653055, 24.092814285714283, 41.41807806122448, 28.21361224489796, 20.638731122448977, 39.74054897959183, 28.31263724489796, 26.39949591836734, 39.721767857142844, 26.399495918367336, 28.312637244897946, 39.740548979591836, 20.638731122448974, 28.21361224489795, 41.41807806122449, 24.092814285714287, 27.72360663265306, 42.704626530612245, 27.155916836734686, 26.842620408163256, 43.600194387755096, 29.828038775510198, 25.570653571428565, 44.10478163265305, 32.10918010204082, 23.907706122448978, 44.21838826530612, 33.99934081632652, 21.853778061224492, 43.941014285714274, 35.49852091836734, 19.408869387755107, 43.27265969387755, 36.60672040816326, 16.572980102040816, 42.213324489795916, 37.323939285714275, 13.346110204081628, 44.6481943877551, 39.699906122448986, 8.695976836734694, 43.7555951020408, 40.66063520408162, 3.734025763209346e-25]"
20,4,124,124,"[1.2418314255983265, 1.344099895941718, 0.3068054110301746, 1.1028511966701278, 1.4096566077003023, 0.5768990634755421, 0.9271592091571216, 1.4385015608740794, 0.8102809573361026, 0.7147554630593083, 1.4306347554630492, 1.0069510926118554, 0.46563995837668776, 1.3860561914672116, 1.1669094693028013, 0.17981269510925998, 1.3047658688865675, 1.2901560874089395, 0.13598335067637782, 1.1867637877211152, 1.3766909469302713, 0.42705515088449236, 1.0320499479708565, 1.4265140478667957, 0.6814151925077997, 0.8406243496357898, 1.439625390218512, 0.8990634755462996, 0.6124869927159167, 1.4160249739854216, 1.0799999999999923, 0.34763787721123557, 1.3557127991675249, 1.2242247658688779, 0.046077003121747846, 1.2586888657648192, 1.3317377731529565, 0.26522372528615834, 1.124953173777307, 1.4025390218522273, 0.5405619146722126, 0.9545057232049882, 1.436628511966691, 0.7791883454734597, 0.7473465140478616, 1.4340062434963476, 0.9811030176898994, 0.5034755463059277, 1.3946722164411978, 1.1463059313215314, 0.2228928199791869, 1.3186264308012396, 1.2747970863683566, 0.09140478668054046, 1.2058688865764744, 1.3665764828303752, 0.38772112382934176, 1.0563995837669022, 1.421644120707586, 0.6473257023933356, 0.8702185223725225, 1.4399999999999897, 0.8702185223725226, 0.6473257023933358, 1.4216441207075863, 1.056399583766902, 0.3877211238293416, 1.3665764828303757, 1.2058688865764742, 0.09140478668054043, 1.2747970863683573, 1.3186264308012396, 0.22289281997918678, 1.146305931321532, 1.3946722164411975, 0.5034755463059277, 0.9811030176898996, 1.4340062434963479, 0.7473465140478613, 0.7791883454734593, 1.4366285119666913, 0.9545057232049879, 0.5405619146722126, 1.4025390218522271, 1.1249531737773077, 0.26522372528615845, 1.3317377731529565, 1.2586888657648194, 0.046077003121747895, 1.2242247658688774, 1.3557127991675242, 0.34763787721123574, 1.079999999999992, 1.4160249739854214, 0.6124869927159166, 0.8990634755462995, 1.4396253902185123, 0.84062434963579, 0.6814151925077994, 1.4265140478667953, 1.032049947970856, 0.4270551508844921, 1.3766909469302708, 1.1867637877211152, 0.13598335067637776, 1.2901560874089395, 1.3047658688865675, 0.17981269510925996, 1.1669094693028013, 1.3860561914672116, 0.4656399583766875, 1.0069510926118554, 1.430634755463049, 0.7147554630593081, 0.8102809573361024, 1.4385015608740794, 0.9271592091571214, 0.5768990634755421, 1.409656607700302, 1.102851196670127, 0.30680541103017467, 1.3440998959417179, 1.2418314255983265, 2.3993488422222954e-24]"
20,5,0,0,
20,6,23,23,"[40.627333081285485, 44.428627977315735, 15.197745557655974, 34.40177277882801, 44.2225792060492, 21.011208317580362, 34.41026880907376, 38.4261085066163, 26.82042306238188, 34.414516824196646, 32.62538979206052, 32.62538979206052, 34.41451682419664, 26.820423062381867, 38.42610850661629, 34.41026880907377, 21.011208317580362, 44.22257920604919, 34.40177277882801, 15.19774555765598, 44.42862797731572, 40.627333081285485, 4.543838814073028e-28]"
20,7,0,0,
20,8,0,0,
20,9,0,0,
20,10,0,0,
20,11,0,0,
20,12,0,0,
20,13,41,41,"[1.24725758477097, 1.3363474122546106, 0.2672694824509222, 1.1307555026769782, 1.3980249851279005, 0.5071267102914933, 0.9868411659726355, 1.4322903033908394, 0.7195716835217135, 0.8155145746579421, 1.439143367043427, 0.9046044021415829, 0.6167757287328973, 1.4185841760856637, 1.0622248661511007, 0.39062462819750177, 1.3706127305175493, 1.1924330755502681, 0.13706127305175494, 1.295229030339084, 1.295229030339084, 0.13706127305175494, 1.1924330755502683, 1.3706127305175493, 0.3906246281975015, 1.0622248661511007, 1.4185841760856641, 0.6167757287328973, 0.9046044021415827, 1.439143367043427, 0.8155145746579419, 0.7195716835217133, 1.4322903033908392, 0.9868411659726357, 0.5071267102914934, 1.3980249851279005, 1.1307555026769782, 0.2672694824509222, 1.3363474122546108, 1.2472575847709702, 5.33269971929404e-28]"
20,14,90,45,"[1.23448888888888, 1.3539555555555458, 0.3583999999999975, 1.0638222222222145, 1.422222222222212, 0.6655999999999952, 0.8419555555555495, 1.4392888888888788, 0.9215999999999934, 0.568888888888885, 1.4051555555555455, 1.126399999999992, 0.2446222222222205, 1.319822222222213, 1.279999999999991, 0.12515555555555463, 1.1832888888888804, 1.38239999999999, 0.46648888888888557, 0.9955555555555485, 1.43359999999999, 0.7566222222222169, 0.7566222222222165, 1.4335999999999902, 0.9955555555555488, 0.4664888888888855, 1.3823999999999903, 1.1832888888888804, 0.12515555555555463, 1.279999999999991, 1.319822222222213, 0.2446222222222205, 1.126399999999992, 1.4051555555555457, 0.5688888888888849, 0.9215999999999934, 1.439288888888879, 0.8419555555555497, 0.6655999999999954, 1.4222222222222123, 1.0638222222222145, 0.3583999999999974, 1.353955555555546, 1.23448888888888, 1.472203775759661e-25, 1.23448888888888, 1.353955555555546, 0.3583999999999975, 1.0638222222222147, 1.4222222222222125, 0.6655999999999953, 0.8419555555555494, 1.4392888888888788, 0.9215999999999934, 0.5688888888888848, 1.4051555555555455, 1.126399999999992, 0.24462222222222055, 1.3198222222222127, 1.279999999999991, 0.12515555555555463, 1.1832888888888804, 1.38239999999999, 0.4664888888888857, 0.9955555555555485, 1.4335999999999895, 0.7566222222222169, 0.7566222222222168, 1.43359999999999, 0.9955555555555484, 0.46648888888888557, 1.3823999999999903, 1.1832888888888804, 0.12515555555555463, 1.279999999999991, 1.319822222222213, 0.24462222222222046, 1.126399999999992, 1.4051555555555455, 0.5688888888888848, 0.9215999999999932, 1.4392888888888784, 0.8419555555555494, 0.6655999999999952, 1.422222222222212, 1.063822222222215, 0.3583999999999975, 1.353955555555546, 1.23448888888888, 5.888815103038644e-25]"
20,15,0,0,
20,16,55,55,"[39.97380442975208, 44.98865044628098, 14.295025322314043, 36.84927087603306, 46.37451074380164, 21.028290380165288, 28.674009785123967, 45.13317804958675, 29.056922446280982, 24.130152066115695, 42.578466909090906, 35.772176066115705, 18.27291590082644, 38.71037732231404, 41.17405123966941, 11.102301289256197, 33.52890928925619, 45.26254796694214, 22.124726413223133, 29.64280826446281, 45.9743389752066, 27.434409454545438, 20.043965157024793, 43.309424264462805, 34.039459504132225, 21.35734360330578, 39.331131107438004, 39.331131107438004, 21.357343603305786, 34.039459504132225, 43.3094242644628, 20.04396515702479, 27.43440945454545, 45.97433897520659, 29.642808264462804, 22.124726413223133, 45.262547966942144, 33.5289092892562, 11.102301289256197, 41.17405123966942, 38.710377322314045, 18.27291590082644, 35.77217606611569, 42.578466909090906, 24.1301520661157, 29.056922446280982, 45.13317804958677, 28.674009785123964, 21.028290380165284, 46.374510743801636, 36.84927087603305, 14.295025322314048, 44.988650446280964, 39.973804429752064, 3.6805094393991527e-26]"
20,17,73,73,"[40.819022142991166, 43.789359804841425, 8.346311615687746, 39.91061456183148, 44.66325220491648, 12.828454681929065, 37.66053706136235, 42.36182811033963, 15.961231938449977, 37.016447175830336, 43.42641902796019, 18.7345036592231, 36.01285175455054, 44.13150440983295, 21.148269844248418, 34.64975079752295, 44.477084255957934, 23.20253049352596, 32.92714430474757, 44.46315856633512, 24.897285607055696, 30.845032276224405, 44.089727340964494, 26.23253518483765, 28.403414711953435, 43.35679057984609, 27.208279226871813, 25.602291611934675, 42.264348282979896, 27.82451773315817, 22.441662976168125, 40.8124004503659, 28.081250703696746, 24.407076749859257, 39.000947082004124, 26.218450741227247, 26.21845074122724, 39.00094708200412, 24.407076749859257, 28.081250703696746, 40.81240045036591, 22.441662976168114, 27.824517733158174, 42.2643482829799, 25.602291611934675, 27.20827922687181, 43.35679057984609, 28.403414711953435, 26.232535184837648, 44.089727340964494, 30.84503227622439, 24.897285607055704, 44.46315856633511, 32.92714430474757, 23.202530493525963, 44.477084255957934, 34.649750797522955, 21.14826984424842, 44.131504409832964, 36.01285175455054, 18.734503659223098, 43.42641902796019, 37.016447175830336, 15.961231938449973, 42.36182811033963, 37.66053706136235, 12.82845468192906, 44.66325220491649, 39.91061456183148, 8.346311615687746, 43.78935980484143, 40.81902214299117, 1.313169417267105e-25]"
20,18,4,4,"[37.541718749999994, 50.05562499999999, 37.541718749999994, 5.048709793414476e-29]"
20,19,0,0,
20,21,58,29,"[1.23281807372176, 1.3560998810939362, 0.369845422116528, 1.0547443519619504, 1.4245897740784788, 0.6848989298454223, 0.821878715814507, 1.4382877526753868, 0.9451605231866828, 0.5342211652794294, 1.3971938168846618, 1.1506302021403096, 0.19177170035671826, 1.3013079667063023, 1.3013079667063026, 0.1917717003567183, 1.1506302021403096, 1.3971938168846614, 0.5342211652794294, 0.9451605231866828, 1.4382877526753868, 0.8218787158145067, 0.6848989298454222, 1.4245897740784785, 1.0547443519619504, 0.36984542211652804, 1.3560998810939362, 1.2328180737217598, 1.3915506368098648e-27, 1.2328180737217602, 1.3560998810939362, 0.369845422116528, 1.0547443519619502, 1.4245897740784788, 0.6848989298454222, 0.8218787158145067, 1.4382877526753866, 0.945160523186683, 0.5342211652794294, 1.3971938168846614, 1.1506302021403096, 0.1917717003567183, 1.3013079667063023, 1.3013079667063023, 0.19177170035671828, 1.1506302021403092, 1.3971938168846618, 0.5342211652794294, 0.9451605231866828, 1.4382877526753872, 0.8218787158145067, 0.6848989298454222, 1.4245897740784783, 1.0547443519619506, 0.369845422116528, 1.3560998810939362, 1.23281807372176, 5.566202547239459e-27]"
20,22,55,55,"[39.97380442975206, 44.988650446280964, 14.295025322314045, 36.849270876033046, 46.37451074380164, 21.028290380165288, 28.674009785123975, 45.133178049586775, 29.05692244628098, 24.130152066115706, 42.578466909090885, 35.7721760661157, 18.27291590082644, 38.710377322314045, 41.17405123966941, 11.102301289256197, 33.528909289256184, 45.26254796694212, 22.12472641322314, 29.642808264462804, 45.97433897520659, 27.434409454545452, 20.04396515702479, 43.3094242644628, 34.039459504132225, 21.357343603305775, 39.33113110743802, 39.33113110743801, 21.35734360330578, 34.03945950413222, 43.30942426446279, 20.04396515702479, 27.434409454545445, 45.9743389752066, 29.6428082644628, 22.124726413223126, 45.26254796694215, 33.5289092892562, 11.102301289256197, 41.17405123966943, 38.71037732231404, 18.27291590082644, 35.7721760661157, 42.57846690909089, 24.1301520661157, 29.05692244628098, 45.13317804958677, 28.674009785123957, 21.028290380165288, 46.37451074380162, 36.84927087603305, 14.295025322314045, 44.98865044628099, 39.97380442975205, 9.47592341125963e-25]"
20,23,38,38,"[39.74404051246537, 45.354156786703584, 15.745527770083099, 37.518648199445984, 44.06425491689751, 17.687400554016612, 32.15426932132963, 45.312755955678654, 25.54878150969529, 25.55247756232687, 45.323844113573394, 32.17274958448754, 17.713272922437675, 44.0975193905817, 37.559304778393354, 8.636655401662049, 41.6337817867036, 41.70844709141274, 16.017572368421053, 41.70844709141272, 41.63378178670358, 8.636655401662045, 37.55930477839333, 44.097519390581695, 17.71327292243767, 32.172749584487526, 45.32384411357341, 25.55247756232686, 25.54878150969529, 45.31275595567866, 32.15426932132964, 17.687400554016616, 44.0642549168975, 37.51864819944598, 15.745527770083099, 45.3541567867036, 39.74404051246536, 8.905924075583135e-26]"
20,24,0,0,
20,25,6,3,"[1.2800000000000005, 1.2800000000000005, 1.262177448353619e-29, 1.2800000000000005, 1.2800000000000005, 5.048709793414476e-29]"
20,26,12,3,"[1.2799999999999907, 1.279999999999991, 1.8175355256292112e-27, 1.2799999999999911, 1.2799999999999907, 7.270142102516845e-27, 1.2799999999999911, 1.2799999999999911, 1.63578197306629e-26, 1.279999999999991, 1.2799999999999911, 2.908056841006738e-26]"
21,1,0,0,
21,2,28,14,"[1.9844999999999995, 1.7639999999999993, 0.5732999999999997, 2.116799999999999, 1.4552999999999994, 1.0583999999999996, 2.160899999999999, 1.0584, 1.4552999999999996, 2.1167999999999987, 0.5732999999999998, 1.7639999999999993, 1.984499999999999, 0.6173999999999997, 1.9844999999999993, 1.7639999999999996, 0.5732999999999998, 2.116799999999999, 1.4552999999999996, 1.0583999999999996, 2.160899999999999, 1.0583999999999998, 1.4552999999999998, 2.116799999999999, 0.5732999999999998, 1.7639999999999996, 1.9844999999999993, 5.566202547239459e-27]"
21,3,27,27,"[52.21970370370373, 55.72154074074077, 29.6246888888889, 50.35845185185187, 41.890029629629645, 35.73902962962964, 50.421881481481506, 37.307066666666685, 43.78225925925927, 41.82521481481482, 31.43593333333334, 42.08923703703705, 48.42862962962966, 48.42862962962964, 42.089237037037066, 31.43593333333334, 41.825214814814835, 43.78225925925928, 37.307066666666685, 50.421881481481506, 35.73902962962965, 41.89002962962965, 50.35845185185188, 29.624688888888894, 55.72154074074078, 52.21970370370373, 1.63578197306629e-26]"
21,4,0,0,
21,5,27,27,"[2.015654320987651, 1.659950617283948, 0.8536888888888875, 2.157935802469132, 1.090824691358023, 1.493955555555553, 2.086795061728392, 0.30827654320987613, 1.9207999999999972, 1.8022320987654294, 0.5928395061728386, 2.134222222222219, 1.3042469135802452, 1.304246913580245, 2.1342222222222187, 0.5928395061728386, 1.8022320987654288, 1.9207999999999967, 0.308276543209876, 2.0867950617283917, 1.4939555555555533, 1.090824691358023, 2.157935802469132, 0.8536888888888876, 1.6599506172839482, 2.0156543209876507, 3.478056176683232e-25]"
21,6,27,27,"[52.21970370370373, 55.72154074074075, 29.624688888888887, 50.35845185185186, 41.89002962962964, 35.73902962962963, 50.42188148148149, 37.30706666666668, 43.78225925925927, 41.82521481481482, 31.43593333333334, 42.089237037037044, 48.42862962962965, 48.42862962962964, 42.089237037037044, 31.43593333333335, 41.825214814814835, 43.78225925925926, 37.30706666666668, 50.421881481481485, 35.73902962962963, 41.890029629629645, 50.35845185185186, 29.62468888888889, 55.72154074074077, 52.21970370370372, 9.335064408023365e-26]"
21,7,0,0,
21,8,0,0,
21,9,3,3,"[1.9207999999999972, 1.920799999999997, 2.0194839173657902e-28]"
21,10,3,3,"[1.9207999999999972, 1.920799999999997, 2.0194839173657902e-28]"
21,11,0,0,
21,12,6,3,"[1.9207999999999972, 1.920799999999997, 8.077935669463161e-28, 1.9207999999999972, 1.920799999999997, 3.2311742677852644e-27]"
21,13,0,0,
21,14,0,0,
21,15,32,8,"[2.0258437499999964, 1.6206749999999974, 0.9453937499999986, 2.1608999999999967, 0.9453937499999986, 1.6206749999999974, 2.0258437499999964, 0.0, 2.0258437499999964, 1.6206749999999974, 0.9453937499999986, 2.1608999999999967, 0.9453937499999986, 1.6206749999999974, 2.0258437499999964, 0.0, 2.0258437499999964, 1.6206749999999974, 0.9453937499999986, 2.1608999999999967, 0.9453937499999986, 1.6206749999999974, 2.0258437499999964, 0.0, 2.0258437499999964, 1.6206749999999974, 0.9453937499999986, 2.1608999999999967, 0.9453937499999986, 1.6206749999999974, 2.0258437499999964, 0.0]"
21,16,19,19,"[54.362561218836596, 56.91466592797787, 29.323250969529095, 53.24253739612191, 35.5827778393352, 43.0687617728532, 49.33553130193908, 17.492454847645433, 63.76952188365653, 63.76952188365653, 17.492454847645437, 49.335531301939085, 43.0687617728532, 35.5827778393352, 53.24253739612192, 29.323250969529095, 56.91466592797785, 54.362561218836596, 1.63578197306629e-26]"
21,17,24,24,"[51.777370659722216, 55.67980763888887, 32.49608593749999, 48.057213888888874, 41.165299826388875, 39.62610208333331, 51.772445659722194, 38.85878055555555, 34.04428177083331, 49.182590972222194, 39.782741493055546, 36.64945833333332, 39.78274149305554, 49.182590972222194, 34.04428177083331, 38.85878055555554, 51.7724456597222, 39.62610208333331, 41.165299826388875, 48.05721388888887, 32.496085937499984, 55.67980763888888, 51.777370659722216, 1.2621774483536189e-27]"
21,18,11,11,"[49.36558347107434, 62.784279338842914, 24.57750578512395, 39.380280991735525, 43.47242314049579, 43.4724231404958, 39.38028099173552, 24.57750578512395, 62.784279338842914, 49.365583471074345, 7.270142102516845e-27]"
21,19,0,0,
21,20,59,59,"[2.021226773915541, 1.638832519390979, 0.9038409652398735, 2.1602792301062905, 1.0130964665326052, 1.5643401321459345, 2.055989887963228, 0.14401861534041935, 1.9814975007181836, 1.7083587474863533, 0.7896193047974718, 2.1553130709566206, 1.1173858086756672, 1.484881585751221, 2.085786842861246, 0.28307107153116906, 1.9368020683711573, 1.7729188164320593, 0.6704314852054007, 2.1453807526572817, 1.21670899166906, 1.4004568802068367, 2.110617638609594, 0.4171573685722493, 1.8871404768744606, 1.8325127262280947, 0.5462775064636598, 2.130482275208273, 1.311066015512783, 1.311066015512783, 2.130482275208273, 0.5462775064636597, 1.832512726228095, 1.8871404768744608, 0.41715736857224905, 2.1106176386095945, 1.400456880206837, 1.21670899166906, 2.1453807526572817, 0.6704314852054006, 1.7729188164320588, 1.936802068371157, 0.2830710715311689, 2.0857868428612463, 1.48488158575122, 1.1173858086756674, 2.155313070956621, 0.789619304797472, 1.7083587474863537, 1.9814975007181836, 0.14401861534041926, 2.0559898879632286, 1.5643401321459347, 1.0130964665326052, 2.1602792301062905, 0.9038409652398732, 1.6388325193909792, 2.021226773915541, 9.885689319867632e-26]"
21,22,27,27,"[44.51799259259256, 49.04959999999999, 11.16209629629629, 43.05369629629627, 49.48873333333331, 22.507281481481474, 42.187029629629606, 47.92833333333331, 29.343207407407395, 42.9213333333333, 43.094733333333316, 28.234429629629616, 43.26813333333332, 43.26813333333331, 28.234429629629616, 43.094733333333316, 42.921333333333315, 29.343207407407395, 47.92833333333331, 42.187029629629606, 22.507281481481467, 49.4887333333333, 43.05369629629627, 11.16209629629629, 49.0496, 44.51799259259257, 2.473867798773093e-27]"
21,23,20,20,"[47.36999874999998, 46.56776499999999, 26.667608749999992, 51.96882999999997, 47.92515874999998, 29.71962499999998, 53.274418749999995, 35.07793999999999, 26.81583874999999, 44.911605, 26.815838749999994, 35.077939999999984, 53.27441874999998, 29.719624999999986, 47.92515874999998, 51.96882999999998, 26.667608749999992, 46.56776499999998, 47.36999874999999, 2.1992179860113456e-25]"
21,24,0,0,
21,25,0,0,
21,26,0,0,
22,1,0,0,
22,2,0,0,
22,3,0,0,
22,4,0,0,
22,5,41,41,"[14.302736466389023, 23.70167757287324, 28.19682331945265, 27.788173706127242, 22.47572873289704, 12.259488399762022, 2.724330755502671, 16.209767995240888, 24.791409875074308, 28.469256395002915, 27.24330755502671, 21.1135633551457, 10.080023795359882, 5.3124449732302095, 17.98058298631763, 25.744925639500234, 28.605472932778046, 26.562224866151045, 19.615181439619235, 7.764342653182612, 7.764342653182612, 19.615181439619235, 26.562224866151045, 28.605472932778046, 25.744925639500245, 17.98058298631763, 5.3124449732302095, 10.080023795359883, 21.1135633551457, 27.243307555026714, 28.46925639500292, 24.791409875074308, 16.20976799524089, 2.7243307555026703, 12.259488399762022, 22.475728732897036, 27.78817370612725, 28.19682331945265, 23.701677572873237, 14.302736466389026, 3.2311742677852644e-27]"
22,6,0,0,
22,7,0,0,
22,8,0,0,
22,9,0,0,
22,10,0,0,
22,11,0,0,
22,12,0,0,
22,13,0,0,
22,14,0,0,
22,15,0,0,
22,16,0,0,
22,17,0,0,
22,18,0,0,
22,19,0,0,
22,20,0,0,
22,21,0,0,
22,23,0,0,
22,24,0,0,
22,25,0,0,
22,26,0,0,
23,1,0,0,
23,2,0,0,
23,3,0,0,
23,4,0,0,
23,5,25,25,"[15.38745599999997, 24.91302399999994, 28.576703999999935, 26.37849599999994, 18.31839999999996, 4.3964159999999906, 12.090143999999974, 23.081183999999947, 28.21033599999994, 27.47759999999994, 20.882975999999953, 8.426463999999983, 8.42646399999998, 20.882975999999957, 27.47759999999994, 28.21033599999994, 23.081183999999947, 12.090143999999974, 4.3964159999999906, 18.318399999999965, 26.378495999999945, 28.576703999999935, 24.91302399999995, 15.387455999999965, 5.169878828456423e-26]"
23,6,0,0,
23,7,0,0,
23,8,0,0,
23,9,0,0,
23,10,0,0,
23,11,0,0,
23,12,0,0,
23,13,0,0,
23,14,0,0,
23,15,0,0,
23,16,0,0,
23,17,0,0,
23,18,0,0,
23,19,0,0,
23,20,0,0,
23,21,0,0,
23,22,0,0,
23,24,0,0,
23,25,0,0,
23,26,0,0,
24,1,0,0,
24,2,0,0,
24,3,0,0,
24,4,0,0,
24,5,0,0,
24,6,0,0,
24,7,0,0,
24,8,0,0,
24,9,0,0,
24,10,0,0,
24,11,0,0,
24,12,0,0,
24,13,0,0,
24,14,0,0,
24,15,0,0,
24,16,0,0,
24,17,0,0,
24,18,0,0,
24,19,0,0,
24,20,0,0,
24,21,0,0,
24,22,0,0,
24,23,0,0,
24,25,0,0,
24,26,0,0,
25,1,0,0,
25,2,14,14,"[1.9844999999999995, 1.7639999999999993, 0.5732999999999996, 2.116799999999999, 1.4552999999999996, 1.0583999999999996, 2.1608999999999994, 1.0583999999999993, 1.4552999999999996, 2.1167999999999987, 0.5732999999999998, 1.7639999999999996, 1.9845, 1.3915506368098648e-27]"
25,3,12,12,"[54.4064416666667, 52.426366666666695, 29.806358333333346, 36.11656666666668, 33.27767500000002, 53.3710666666667, 33.277675000000016, 36.11656666666669, 29.80635833333335, 52.426366666666695, 54.40644166666667, 8.532319550870464e-27]"
25,4,0,0,
25,5,10,5,"[2.0744639999999963, 1.3829759999999978, 1.3829759999999978, 2.0744639999999968, 4.543838814073028e-28, 2.0744639999999963, 1.382975999999998, 1.3829759999999978, 2.0744639999999968, 1.8175355256292112e-27]"
25,6,0,0,
25,8,0,0,
25,9,0,0,
25,10,0,0,
25,11,0,0,
25,12,0,0,
25,13,0,0,
25,14,0,0,
25,15,14,14,"[1.9844999999999975, 1.7639999999999973, 0.5732999999999991, 2.116799999999997, 1.4552999999999978, 1.0583999999999985, 2.1608999999999967, 1.0583999999999985, 1.4552999999999978, 2.1167999999999965, 0.573299999999999, 1.7639999999999971, 1.9844999999999968, 8.077935669463161e-28]"
25,16,8,8,"[46.85841875000002, 62.70722500000002, 38.54951875000002, 41.90452500000002, 38.54951875000002, 62.70722500000003, 46.85841875000003, 4.543838814073028e-28]"
25,17,12,12,"[54.406441666666666, 52.426366666666645, 29.806358333333325, 36.116566666666664, 33.277674999999995, 53.37106666666667, 33.27767499999999, 36.116566666666664, 29.80635833333332, 52.426366666666645, 54.406441666666666, 1.2924697071141057e-26]"
25,19,0,0,
25,20,6,3,"[1.9207999999999996, 1.9207999999999992, 1.262177448353619e-29, 1.9207999999999996, 1.9207999999999992, 5.048709793414476e-29]"
25,21,0,0,
25,22,9,9,"[43.408698765432085, 51.18275061728392, 17.8920222222222, 49.35840246913579, 49.35840246913579, 17.8920222222222, 51.18275061728393, 43.40869876543209, 2.473867798773093e-27]"
25,23,4,4,"[50.10286874999998, 75.17792499999996, 50.102868749999985, 5.048709793414476e-29]"
25,24,0,0,
25,26,0,0,
26,1,0,0,
26,2,11,11,"[2.000171900826443, 1.7144330578512368, 0.7143471074380154, 2.1430413223140463, 1.285824793388428, 1.285824793388428, 2.1430413223140463, 0.7143471074380153, 1.7144330578512372, 2.000171900826443, 9.895471195092372e-27]"
26,3,0,0,
26,4,0,0,
26,5,0,0,
26,6,0,0,
26,7,0,0,
26,8,0,0,
26,9,0,0,
26,10,0,0,
26,11,0,0,
26,12,0,0,
26,13,0,0,
26,14,0,0,
26,15,11,11,"[2.000171900826443, 1.7144330578512372, 0.7143471074380154, 2.143041322314046, 1.2858247933884277, 1.2858247933884277, 2.1430413223140468, 0.7143471074380154, 1.7144330578512368, 2.0001719008264427, 4.543838814073028e-26]"
26,16,0,0,
26,17,0,0,
26,18,0,0,
26,19,0,0,
26,20,12,3,"[1.9207999999999965, 1.920799999999997, 8.077935669463161e-28, 1.9207999999999972, 1.9207999999999972, 3.2311742677852644e-27, 1.9207999999999972, 1.920799999999997, 7.270142102516845e-27, 1.920799999999997, 1.920799999999997, 1.2924697071141057e-26]"
26,21,0,0,
26,22,0,0,
26,23,0,0,
26,24,0,0,
26,25,0,0,
